<?xml version="1.0" encoding="UTF-8"?> 
<project>                                  
  <executable name="PWM_Drawer.elf">                 
    <memory name="program">              
      <units>bytes</units>                 
      <length>32768</length>                 
      <used>12151</used>                     
      <free>20617</free>                     
    </memory>                              
    <memory name="data">                 
      <units>bytes</units>                 
      <length>2048</length>                 
      <used>46</used>                     
      <free>2002</free>                     
    </memory>                              
  </executable>                            
</project>                                 
